region,month,sex,age_bin,pop,total_sex,prop,region_6
서울특별시,2025년11월,계,0-14,809079,9305678,0.08694465894908464,서울특별시
부산광역시,2025년11월,계,0-14,305725,3243759,0.09425022019206729,부산광역시
대구광역시,2025년11월,계,0-14,241356,2354398,0.10251282918181208,기타(Top5외)
인천광역시,2025년11월,계,0-14,327784,3050547,0.10745089323324636,인천광역시
광주광역시,2025년11월,계,0-14,157077,1394301,0.11265644936064738,기타(Top5외)
대전광역시,2025년11월,계,0-14,153166,1441886,0.10622615102719632,기타(Top5외)
울산광역시,2025년11월,계,0-14,123502,1092573,0.11303775582958758,기타(Top5외)
세종특별자치시,2025년11월,계,0-14,67732,392495,0.17256780341150843,기타(Top5외)
경기도,2025년11월,계,0-14,1556985,13725710,0.11343566198032742,경기도
강원특별자치도,2025년11월,계,0-14,141758,1508951,0.09394473379188589,기타(Top5외)
충청북도,2025년11월,계,0-14,163984,1593151,0.10293060733100629,기타(Top5외)
충청남도,2025년11월,계,0-14,227908,2136966,0.1066502695878175,기타(Top5외)
전북특별자치도,2025년11월,계,0-14,165600,1725960,0.09594660362928457,기타(Top5외)
전라남도,2025년11월,계,0-14,172643,1779242,0.09703176970867369,기타(Top5외)
경상북도,2025년11월,계,0-14,236116,2509131,0.09410269930107276,기타(Top5외)
경상남도,2025년11월,계,0-14,337246,3208860,0.10509838384971609,경상남도
제주특별자치도,2025년11월,계,0-14,80359,664922,0.12085477695128151,기타(Top5외)
서울특별시,2025년11월,계,15-64,6602240,9305678,0.7094851122078369,서울특별시
부산광역시,2025년11월,계,15-64,2122054,3243759,0.6541959498224128,부산광역시
대구광역시,2025년11월,계,15-64,1595766,2354398,0.6777809019545549,기타(Top5외)
인천광역시,2025년11월,계,15-64,2150767,3050547,0.7050430627687427,인천광역시
광주광역시,2025년11월,계,15-64,976962,1394301,0.7006822773561806,기타(Top5외)
대전광역시,2025년11월,계,15-64,1014564,1441886,0.7036367646263297,기타(Top5외)
울산광역시,2025년11월,계,15-64,767316,1092573,0.7023018141579556,기타(Top5외)
세종특별자치시,2025년11월,계,15-64,276818,392495,0.7052777742391623,기타(Top5외)
경기도,2025년11월,계,15-64,9747237,13725710,0.7101444661150498,경기도
강원특별자치도,2025년11월,계,15-64,964304,1508951,0.6390558739150576,기타(Top5외)
충청북도,2025년11월,계,15-64,1063440,1593151,0.6675073486442905,기타(Top5외)
충청남도,2025년11월,계,15-64,1410321,2136966,0.6599641735058022,기타(Top5외)
전북특별자치도,2025년11월,계,15-64,1102920,1725960,0.6390182854759091,기타(Top5외)
전라남도,2025년11월,계,15-64,1101724,1779242,0.6192097533668832,기타(Top5외)
경상북도,2025년11월,계,15-64,1587052,2509131,0.6325106182180205,기타(Top5외)
경상남도,2025년11월,계,15-64,2129721,3208860,0.6637001925917616,경상남도
제주특별자치도,2025년11월,계,15-64,451476,664922,0.6789909192356397,기타(Top5외)
서울특별시,2025년11월,계,65+,1894359,9305678,0.20357022884307838,서울특별시
부산광역시,2025년11월,계,65+,815980,3243759,0.2515538299855199,부산광역시
대구광역시,2025년11월,계,65+,517276,2354398,0.2197062688636331,기타(Top5외)
인천광역시,2025년11월,계,65+,571996,3050547,0.18750604399801085,인천광역시
광주광역시,2025년11월,계,65+,260262,1394301,0.186661273283172,기타(Top5외)
대전광역시,2025년11월,계,65+,274156,1441886,0.190137084346474,기타(Top5외)
울산광역시,2025년11월,계,65+,201755,1092573,0.18466043001245683,기타(Top5외)
세종특별자치시,2025년11월,계,65+,47945,392495,0.12215442234932929,기타(Top5외)
경기도,2025년11월,계,65+,2421488,13725710,0.17641987190462277,경기도
강원특별자치도,2025년11월,계,65+,402889,1508951,0.2669993922930566,기타(Top5외)
충청북도,2025년11월,계,65+,365727,1593151,0.22956204402470323,기타(Top5외)
충청남도,2025년11월,계,65+,498737,2136966,0.23338555690638035,기타(Top5외)
전북특별자치도,2025년11월,계,65+,457440,1725960,0.26503511089480636,기타(Top5외)
전라남도,2025년11월,계,65+,504875,1779242,0.2837584769244431,기타(Top5외)
경상북도,2025년11월,계,65+,685963,2509131,0.27338668248090675,기타(Top5외)
경상남도,2025년11월,계,65+,741893,3208860,0.23120142355852233,경상남도
제주특별자치도,2025년11월,계,65+,133087,664922,0.20015430381307883,기타(Top5외)
서울특별시,2025년11월,남,0-14,415025,4484604,0.09254440302867321,서울특별시
부산광역시,2025년11월,남,0-14,156670,1576765,0.09936166771839812,부산광역시
대구광역시,2025년11월,남,0-14,123701,1153392,0.10724974683368707,기타(Top5외)
인천광역시,2025년11월,남,0-14,168043,1523769,0.11028115153937375,인천광역시
광주광역시,2025년11월,남,0-14,80419,687996,0.1168887609811685,기타(Top5외)
대전광역시,2025년11월,남,0-14,78810,718512,0.1096850156991115,기타(Top5외)
울산광역시,2025년11월,남,0-14,63413,563204,0.11259330544527382,기타(Top5외)
세종특별자치시,2025년11월,남,0-14,34537,195364,0.1767828259044655,기타(Top5외)
경기도,2025년11월,남,0-14,796138,6892986,0.11549972682375968,경기도
강원특별자치도,2025년11월,남,0-14,72524,758841,0.09557206318583208,기타(Top5외)
충청북도,2025년11월,남,0-14,84077,811977,0.10354603640250894,기타(Top5외)
충청남도,2025년11월,남,0-14,116969,1096998,0.10662644781485472,기타(Top5외)
전북특별자치도,2025년11월,남,0-14,84769,859904,0.09857960888657338,기타(Top5외)
전라남도,2025년11월,남,0-14,88118,898691,0.09805149934738414,기타(Top5외)
경상북도,2025년11월,남,0-14,121787,1269845,0.09590698077324399,기타(Top5외)
경상남도,2025년11월,남,0-14,173646,1618023,0.10731985886479982,경상남도
제주특별자치도,2025년11월,남,0-14,41071,332145,0.12365382588929534,기타(Top5외)
서울특별시,2025년11월,남,15-64,3231478,4484604,0.7205715376430115,서울특별시
부산광역시,2025년11월,남,15-64,1063248,1576765,0.6743224259797751,부산광역시
대구광역시,2025년11월,남,15-64,805904,1153392,0.6987251515529845,기타(Top5외)
인천광역시,2025년11월,남,15-64,1098284,1523769,0.7207680429251415,인천광역시
광주광역시,2025년11월,남,15-64,494573,687996,0.718860284071419,기타(Top5외)
대전광역시,2025년11월,남,15-64,517576,718512,0.7203442670407731,기타(Top5외)
울산광역시,2025년11월,남,15-64,405677,563204,0.7203020575137961,기타(Top5외)
세종특별자치시,2025년11월,남,15-64,139036,195364,0.7116766650969473,기타(Top5외)
경기도,2025년11월,남,15-64,4996752,6892986,0.72490383703086,경기도
강원특별자치도,2025년11월,남,15-64,505018,758841,0.6655122746398785,기타(Top5외)
충청북도,2025년11월,남,15-64,562639,811977,0.6929247995940772,기타(Top5외)
충청남도,2025년11월,남,15-64,755791,1096998,0.6889629698504464,기타(Top5외)
전북특별자치도,2025년11월,남,15-64,574506,859904,0.6681048116999107,기타(Top5외)
전라남도,2025년11월,남,15-64,589492,898691,0.6559451468858596,기타(Top5외)
경상북도,2025년11월,남,15-64,844315,1269845,0.6648961093676787,기타(Top5외)
경상남도,2025년11월,남,15-64,1114595,1618023,0.6888622720443406,경상남도
제주특별자치도,2025년11월,남,15-64,232191,332145,0.6990651673215011,기타(Top5외)
서울특별시,2025년11월,남,65+,838101,4484604,0.18688405932831528,서울특별시
부산광역시,2025년11월,남,65+,356847,1576765,0.22631590630182685,부산광역시
대구광역시,2025년11월,남,65+,223787,1153392,0.19402510161332834,기타(Top5외)
인천광역시,2025년11월,남,65+,257442,1523769,0.16895080553548472,인천광역시
광주광역시,2025년11월,남,65+,113004,687996,0.1642509549474125,기타(Top5외)
대전광역시,2025년11월,남,65+,122126,718512,0.16997071726011534,기타(Top5외)
울산광역시,2025년11월,남,65+,94114,563204,0.16710463704093012,기타(Top5외)
세종특별자치시,2025년11월,남,65+,21791,195364,0.11154050899858725,기타(Top5외)
경기도,2025년11월,남,65+,1100096,6892986,0.15959643614538024,경기도
강원특별자치도,2025년11월,남,65+,181299,758841,0.23891566217428947,기타(Top5외)
충청북도,2025년11월,남,65+,165261,811977,0.2035291640034139,기타(Top5외)
충청남도,2025년11월,남,65+,224238,1096998,0.2044105823346989,기타(Top5외)
전북특별자치도,2025년11월,남,65+,200629,859904,0.23331557941351594,기타(Top5외)
전라남도,2025년11월,남,65+,221081,898691,0.2460033537667563,기타(Top5외)
경상북도,2025년11월,남,65+,303743,1269845,0.2391969098590773,기타(Top5외)
경상남도,2025년11월,남,65+,329782,1618023,0.20381786909085964,경상남도
제주특별자치도,2025년11월,남,65+,58883,332145,0.1772810067892035,기타(Top5외)
서울특별시,2025년11월,여,0-14,394054,4821074,0.08173572942460539,서울특별시
부산광역시,2025년11월,여,0-14,149055,1666994,0.08941543880781815,부산광역시
대구광역시,2025년11월,여,0-14,117655,1201006,0.09796370709222102,기타(Top5외)
인천광역시,2025년11월,여,0-14,159741,1526778,0.10462621284823334,인천광역시
광주광역시,2025년11월,여,0-14,76658,706305,0.10853384869142935,기타(Top5외)
대전광역시,2025년11월,여,0-14,74356,723374,0.10279053435705458,기타(Top5외)
울산광역시,2025년11월,여,0-14,60089,529369,0.11351061357956359,기타(Top5외)
세종특별자치시,2025년11월,여,0-14,33195,197131,0.1683905626207953,기타(Top5외)
경기도,2025년11월,여,0-14,760847,6832724,0.11135339287815518,경기도
강원특별자치도,2025년11월,여,0-14,69234,750110,0.09229846289210916,기타(Top5외)
충청북도,2025년11월,여,0-14,79907,781174,0.10229091085980845,기타(Top5외)
충청남도,2025년11월,여,0-14,110939,1039968,0.10667539770454476,기타(Top5외)
전북특별자치도,2025년11월,여,0-14,80831,866056,0.09333230183729459,기타(Top5외)
전라남도,2025년11월,여,0-14,84525,880551,0.09599103288736258,기타(Top5외)
경상북도,2025년11월,여,0-14,114329,1239286,0.09225392685788429,기타(Top5외)
경상남도,2025년11월,여,0-14,163600,1590837,0.10283894578765769,경상남도
제주특별자치도,2025년11월,여,0-14,39288,332777,0.11806104388223945,기타(Top5외)
서울특별시,2025년11월,여,15-64,3370762,4821074,0.6991724250654522,서울특별시
부산광역시,2025년11월,여,15-64,1058806,1666994,0.635158854800917,부산광역시
대구광역시,2025년11월,여,15-64,789862,1201006,0.6576669891740757,기타(Top5외)
인천광역시,2025년11월,여,15-64,1052483,1526778,0.6893490736701734,인천광역시
광주광역시,2025년11월,여,15-64,482389,706305,0.6829754850949661,기타(Top5외)
대전광역시,2025년11월,여,15-64,496988,723374,0.6870415580322212,기타(Top5외)
울산광역시,2025년11월,여,15-64,361639,529369,0.683151072314397,기타(Top5외)
세종특별자치시,2025년11월,여,15-64,137782,197131,0.6989362403680801,기타(Top5외)
경기도,2025년11월,여,15-64,4750485,6832724,0.6952549232194949,경기도
강원특별자치도,2025년11월,여,15-64,459286,750110,0.6122915305755156,기타(Top5외)
충청북도,2025년11월,여,15-64,500801,781174,0.6410876450061062,기타(Top5외)
충청남도,2025년11월,여,15-64,654530,1039968,0.6293751346195268,기타(Top5외)
전북특별자치도,2025년11월,여,15-64,528414,866056,0.6101383744238248,기타(Top5외)
전라남도,2025년11월,여,15-64,512232,880551,0.5817175836493287,기타(Top5외)
경상북도,2025년11월,여,15-64,742737,1239286,0.599326547705695,기타(Top5외)
경상남도,2025년11월,여,15-64,1015126,1590837,0.6381081154134585,경상남도
제주특별자치도,2025년11월,여,15-64,219285,332777,0.6589547955537792,기타(Top5외)
서울특별시,2025년11월,여,65+,1056258,4821074,0.2190918455099424,서울특별시
부산광역시,2025년11월,여,65+,459133,1666994,0.27542570639126474,부산광역시
대구광역시,2025년11월,여,65+,293489,1201006,0.24436930373370325,기타(Top5외)
인천광역시,2025년11월,여,65+,314554,1526778,0.20602471348159326,인천광역시
광주광역시,2025년11월,여,65+,147258,706305,0.2084906662136046,기타(Top5외)
대전광역시,2025년11월,여,65+,152030,723374,0.21016790761072418,기타(Top5외)
울산광역시,2025년11월,여,65+,107641,529369,0.20333831410603945,기타(Top5외)
세종특별자치시,2025년11월,여,65+,26154,197131,0.1326731970111246,기타(Top5외)
경기도,2025년11월,여,65+,1321392,6832724,0.19339168390234993,경기도
강원특별자치도,2025년11월,여,65+,221590,750110,0.29541000653237526,기타(Top5외)
충청북도,2025년11월,여,65+,200466,781174,0.2566214441340854,기타(Top5외)
충청남도,2025년11월,여,65+,274499,1039968,0.2639494676759285,기타(Top5외)
전북특별자치도,2025년11월,여,65+,256811,866056,0.29652932373888063,기타(Top5외)
전라남도,2025년11월,여,65+,283794,880551,0.32229138346330877,기타(Top5외)
경상북도,2025년11월,여,65+,382220,1239286,0.30841952543642065,기타(Top5외)
경상남도,2025년11월,여,65+,412111,1590837,0.25905293879888386,경상남도
제주특별자치도,2025년11월,여,65+,74204,332777,0.2229841605639813,기타(Top5외)
