brix,cultivation,color,status,weight,price
10.7,일반,빨강,완판,250.0,3431
9.8,일반,빨강,재고,233.9,3003
11.0,일반,빨강,재고,227.1,2641
12.3,일반,빨강,완판,203.8,3221
9.6,일반,빨강,재고,249.8,3083
9.6,일반,빨강,재고,208.8,3235
12.4,일반,빨강,완판,222.1,3038
11.2,일반,빨강,재고,228.5,3139
9.3,일반,빨강,완판,249.1,2605
10.8,일반,빨강,완판,244.0,2664
9.3,일반,빨강,완판,225.5,2714
9.3,일반,빨강,재고,232.5,2570
10.4,일반,빨강,재고,222.1,3215
7.1,일반,빨강,완판,223.5,3164
7.4,일반,빨강,완판,223.3,3078
9.2,일반,빨강,완판,242.0,2589
8.5,일반,빨강,재고,239.9,3271
10.5,일반,빨강,재고,238.8,3373
8.6,일반,빨강,완판,220.5,2727
7.9,일반,빨강,재고,234.8,2578
12.2,일반,빨강,완판,235.2,3107
9.7,일반,빨강,재고,212.8,2848
10.1,일반,빨강,재고,224.3,3341
7.9,일반,빨강,재고,224.9,3480
9.2,일반,빨강,재고,241.2,3393
10.2,일반,빨강,완판,227.7,2745
8.3,일반,빨강,완판,206.7,2771
10.6,일반,빨강,재고,232.5,2902
9.1,일반,빨강,완판,229.0,3168
9.6,일반,빨강,재고,231.5,2615
9.1,일반,빨강,완판,241.1,2934
12.8,일반,빨강,재고,250.0,3029
10.0,일반,빨강,완판,221.0,2941
8.4,일반,빨강,완판,216.0,2671
11.2,일반,빨강,완판,218.1,2515
8.2,일반,빨강,완판,235.0,3460
10.3,일반,빨강,완판,250.0,3251
7.1,일반,빨강,완판,216.5,3397
8.0,일반,빨강,완판,220.4,2555
10.3,일반,빨강,완판,250.0,3090
11.1,일반,빨강,완판,240.9,2602
10.3,일반,빨강,재고,237.3,2783
9.8,일반,빨강,완판,211.6,3204
9.5,일반,빨강,재고,238.8,3016
7.8,일반,빨강,완판,209.4,3117
8.9,일반,빨강,재고,209.8,2777
9.3,일반,빨강,완판,222.7,3384
11.6,일반,빨강,재고,226.0,3111
10.5,일반,빨강,재고,228.2,3249
7.4,일반,빨강,재고,200.5,2768
10.5,일반,빨강,완판,245.8,3332
9.4,일반,빨강,재고,245.2,2899
9.0,일반,빨강,재고,197.7,3002
10.9,일반,빨강,완판,247.4,2585
11.5,일반,빨강,완판,222.5,2819
11.4,일반,빨강,재고,247.0,2531
8.7,일반,빨강,재고,225.2,2835
9.5,일반,빨강,재고,229.0,2550
10.5,일반,빨강,완판,228.7,2578
11.5,일반,빨강,재고,250.0,3197
9.3,일반,빨강,재고,209.2,2673
9.7,일반,빨강,재고,238.3,3447
8.3,일반,빨강,재고,241.5,3117
8.2,일반,빨강,완판,235.4,3000
11.2,일반,빨강,재고,250.0,3074
12.0,일반,빨강,재고,228.2,2575
9.9,일반,빨강,재고,244.0,2815
11.5,일반,빨강,재고,232.9,3332
10.5,일반,빨강,재고,250.0,2872
9.0,일반,빨강,완판,227.0,2580
10.5,일반,빨강,완판,225.8,3372
12.3,일반,빨강,완판,250.0,3139
9.9,일반,빨강,완판,222.5,3194
12.3,일반,빨강,완판,215.9,3254
6.1,일반,빨강,재고,210.5,3196
11.2,일반,빨강,완판,243.0,3231
10.1,일반,빨강,완판,250.0,2570
9.6,일반,빨강,완판,230.3,3468
10.1,일반,빨강,완판,250.0,3353
7.0,일반,빨강,재고,200.7,3165
9.7,일반,빨강,완판,222.4,3256
10.5,일반,빨강,완판,227.3,3151
12.2,일반,빨강,완판,234.9,2570
9.2,일반,빨강,재고,228.9,2545
8.8,일반,빨강,재고,236.7,2546
9.2,일반,빨강,재고,221.1,3090
11.4,일반,빨강,완판,236.2,2921
10.5,일반,빨강,재고,230.8,2648
9.2,일반,빨강,재고,213.7,3409
10.8,일반,빨강,완판,230.6,2629
10.1,일반,빨강,재고,228.3,2955
11.5,일반,빨강,완판,231.9,3138
8.9,일반,빨강,재고,227.3,3376
9.5,일반,빨강,완판,229.7,3130
9.4,일반,빨강,완판,221.8,3465
7.8,일반,빨강,완판,242.5,3496
10.4,일반,빨강,완판,213.8,3368
10.4,일반,빨강,재고,220.4,3004
10.0,일반,빨강,재고,250.0,3428
9.6,일반,빨강,재고,213.4,3273
7.9,일반,빨강,완판,203.3,2743
9.4,일반,빨강,완판,239.1,2973
9.5,일반,빨강,재고,197.3,2881
8.8,일반,빨강,완판,222.9,2602
9.8,일반,빨강,재고,250.0,2988
10.6,일반,빨강,완판,208.6,2536
12.8,일반,빨강,완판,208.8,3153
10.3,일반,빨강,재고,208.3,3048
10.4,일반,빨강,재고,244.6,3019
9.9,일반,빨강,재고,246.5,3242
7.1,일반,빨강,완판,213.7,2832
10.0,일반,빨강,완판,240.1,2896
10.1,일반,빨강,재고,250.0,2795
13.7,일반,빨강,재고,250.0,2606
9.7,일반,빨강,재고,225.4,3359
10.5,일반,빨강,완판,196.8,3453
9.9,일반,빨강,완판,217.5,3029
8.2,일반,빨강,재고,218.3,3324
11.7,일반,빨강,완판,231.3,2582
11.1,일반,빨강,완판,230.6,3433
11.2,일반,빨강,재고,250.0,2787
8.6,일반,빨강,재고,245.0,3481
12.1,일반,빨강,완판,233.7,3205
7.9,일반,빨강,완판,240.2,2960
10.9,일반,빨강,재고,238.0,2714
13.3,일반,빨강,재고,240.8,2780
8.5,일반,빨강,재고,239.1,3231
9.2,일반,빨강,완판,228.5,3453
10.1,일반,빨강,재고,250.0,2958
9.2,일반,빨강,재고,206.2,3300
7.7,일반,빨강,완판,215.3,2843
10.1,일반,빨강,완판,228.4,2693
8.4,일반,빨강,재고,231.8,2657
10.7,일반,빨강,재고,250.0,2964
8.6,일반,빨강,완판,225.5,2603
12.3,일반,빨강,재고,215.6,2533
8.8,일반,빨강,재고,239.1,2601
9.5,일반,빨강,완판,239.9,3138
11.2,일반,빨강,재고,204.5,3225
8.2,일반,빨강,완판,224.4,2824
10.3,일반,빨강,완판,207.2,3443
12.0,일반,빨강,재고,225.9,3307
7.6,일반,빨강,재고,209.2,3190
10.3,일반,빨강,완판,243.0,3091
10.4,일반,빨강,완판,232.9,2640
11.2,일반,빨강,완판,214.2,2973
8.1,일반,빨강,완판,237.6,2530
8.0,일반,빨강,재고,202.6,3383
10.8,일반,빨강,완판,237.3,3434
10.4,일반,빨강,재고,219.1,2562
10.4,일반,빨강,재고,225.6,3059
10.5,일반,빨강,재고,239.1,2586
9.0,일반,빨강,재고,234.8,2803
10.3,일반,빨강,완판,250.0,2560
10.4,일반,빨강,재고,230.1,2895
8.9,일반,빨강,재고,231.4,2833
12.8,일반,빨강,재고,231.8,3451
10.7,일반,빨강,완판,234.9,3285
8.2,일반,빨강,완판,231.2,2910
11.0,일반,빨강,재고,231.5,2783
8.5,일반,빨강,재고,198.6,2965
11.2,일반,빨강,재고,238.5,2579
11.7,일반,빨강,완판,240.7,3191
8.8,일반,빨강,완판,216.1,3283
11.4,일반,빨강,완판,215.1,2576
10.6,일반,빨강,완판,250.0,3453
11.2,일반,빨강,재고,241.1,3232
12.8,일반,노랑,완판,235.1,3404
9.6,일반,노랑,완판,211.8,3293
8.9,일반,노랑,완판,214.3,3039
8.7,일반,노랑,완판,245.5,2860
8.8,일반,노랑,완판,228.4,2576
9.9,일반,노랑,재고,221.4,3008
10.5,일반,노랑,완판,239.2,2663
10.4,일반,노랑,완판,219.0,2508
11.2,일반,노랑,완판,250.0,2674
10.0,일반,노랑,완판,250.0,2961
12.2,일반,노랑,완판,229.5,2806
9.6,일반,노랑,완판,219.4,3087
14.1,일반,노랑,완판,203.0,2744
10.9,일반,노랑,완판,210.6,2621
8.7,일반,노랑,완판,206.1,2684
8.4,일반,노랑,완판,227.2,2531
10.7,일반,노랑,완판,227.3,3497
9.7,일반,노랑,완판,208.8,3462
11.1,일반,노랑,완판,229.0,3261
10.7,일반,노랑,완판,239.7,3068
9.9,일반,노랑,완판,237.6,2809
8.7,일반,노랑,완판,197.7,2871
7.7,일반,노랑,완판,221.3,3155
9.3,일반,노랑,완판,207.2,3329
11.3,일반,노랑,완판,247.4,3095
10.3,일반,노랑,완판,242.7,3491
8.1,일반,노랑,완판,210.9,2555
10.3,일반,노랑,완판,219.3,3290
10.6,일반,노랑,완판,224.8,2772
8.7,일반,노랑,완판,192.2,2963
10.2,일반,노랑,완판,235.7,3177
10.1,일반,노랑,완판,226.2,2955
8.3,일반,노랑,완판,239.4,3478
10.5,일반,노랑,재고,215.1,3169
10.8,일반,노랑,완판,223.2,2748
11.6,일반,노랑,완판,212.3,3197
11.6,일반,노랑,완판,219.7,3493
7.9,일반,노랑,완판,206.1,2577
8.6,일반,노랑,완판,240.7,3033
10.8,일반,노랑,완판,221.8,2607
10.8,일반,노랑,완판,234.2,2772
10.8,일반,노랑,완판,226.6,3263
15.8,일반,노랑,완판,228.3,2514
10.9,일반,노랑,완판,230.0,2869
11.7,일반,노랑,완판,244.1,2803
11.4,일반,노랑,완판,216.2,3171
11.0,일반,노랑,완판,245.1,2704
9.5,일반,노랑,완판,215.8,3480
11.1,일반,노랑,완판,226.2,2612
8.8,일반,노랑,완판,234.5,3179
9.6,일반,노랑,완판,219.0,3364
9.3,일반,노랑,완판,228.4,2752
10.1,일반,노랑,완판,225.6,2940
13.5,일반,노랑,완판,242.4,2685
7.2,일반,노랑,완판,185.9,3358
11.0,일반,노랑,완판,205.6,2726
7.6,일반,노랑,완판,232.0,3027
9.3,일반,노랑,완판,243.4,3167
11.6,일반,노랑,완판,221.2,2853
10.1,일반,노랑,완판,226.6,3122
8.4,일반,노랑,완판,229.6,2500
8.9,일반,노랑,완판,237.2,3052
11.0,일반,노랑,완판,202.6,3059
8.9,일반,노랑,완판,213.4,3426
10.3,일반,노랑,완판,226.0,2919
10.1,일반,노랑,완판,240.8,3119
9.0,일반,노랑,완판,250.0,2660
13.2,일반,노랑,완판,236.2,2660
11.0,일반,노랑,완판,211.7,3370
7.0,일반,노랑,완판,226.9,2627
10.3,일반,노랑,완판,250.0,3221
9.0,일반,노랑,완판,228.6,2650
11.3,일반,노랑,완판,220.2,2943
8.8,일반,노랑,완판,240.8,3266
9.8,일반,노랑,완판,239.4,2970
10.8,일반,노랑,완판,216.9,2962
11.3,일반,노랑,완판,239.6,3229
8.2,일반,노랑,완판,239.6,2529
9.5,일반,노랑,완판,246.2,2972
9.3,일반,노랑,완판,226.9,3056
9.0,일반,노랑,완판,221.7,2579
12.6,일반,노랑,완판,250.0,2538
10.6,일반,노랑,완판,213.7,2739
8.1,일반,노랑,완판,230.9,3056
11.4,일반,노랑,완판,213.6,3089
13.2,일반,노랑,완판,250.0,2836
11.5,일반,노랑,완판,230.8,3407
7.7,일반,노랑,완판,242.2,3360
9.3,일반,노랑,완판,235.2,3299
11.9,일반,노랑,완판,217.4,3451
8.9,일반,노랑,완판,248.2,2779
10.7,일반,노랑,완판,250.0,2615
11.2,일반,노랑,완판,246.7,2768
8.6,일반,노랑,완판,214.4,3415
9.9,일반,노랑,완판,225.1,2834
5.1,일반,노랑,완판,217.6,2811
8.5,일반,노랑,완판,214.8,2552
9.6,일반,노랑,완판,250.0,2567
8.1,일반,노랑,완판,226.5,3193
12.4,일반,노랑,완판,196.8,2533
7.9,일반,노랑,완판,228.7,3295
9.3,일반,노랑,완판,222.8,3317
10.2,일반,노랑,완판,229.5,2885
12.2,일반,노랑,재고,231.0,2748
7.8,일반,노랑,완판,235.6,2610
11.7,일반,노랑,완판,250.0,2593
10.0,일반,노랑,재고,234.3,2909
8.5,일반,노랑,완판,220.5,2678
10.7,일반,노랑,완판,231.5,2546
10.3,일반,노랑,완판,231.2,3293
9.1,일반,노랑,완판,215.3,3351
10.1,일반,노랑,완판,239.0,3373
9.4,일반,노랑,완판,235.2,3103
10.2,일반,노랑,완판,250.0,2875
11.0,일반,노랑,완판,250.0,3223
12.4,일반,노랑,완판,226.9,3086
8.1,일반,노랑,완판,236.7,3389
13.2,일반,노랑,완판,225.3,2701
7.1,일반,노랑,완판,231.7,2944
9.8,일반,노랑,완판,221.6,3418
10.9,일반,노랑,완판,217.3,3432
10.4,일반,노랑,완판,235.5,2796
9.1,일반,노랑,완판,187.1,2807
9.7,일반,노랑,완판,202.8,3222
9.3,일반,노랑,완판,225.1,2992
9.1,일반,노랑,재고,228.6,2837
11.3,일반,노랑,완판,228.3,3444
10.5,일반,노랑,완판,207.9,3422
9.0,일반,노랑,완판,214.6,3145
11.3,일반,노랑,재고,239.9,3341
10.5,일반,노랑,완판,240.1,2565
11.2,일반,노랑,완판,233.4,3291
10.9,일반,노랑,완판,250.0,2921
8.8,일반,노랑,재고,232.2,3039
9.2,일반,노랑,완판,216.3,3423
11.1,일반,노랑,완판,229.2,3128
10.9,일반,노랑,재고,211.7,2992
10.0,일반,노랑,완판,228.3,3381
10.2,일반,노랑,완판,247.2,3498
11.9,일반,노랑,완판,246.0,3461
9.1,일반,노랑,완판,248.4,2816
10.8,일반,노랑,완판,227.9,3441
9.7,일반,노랑,재고,249.3,3336
9.7,일반,노랑,완판,226.1,3125
11.6,일반,노랑,완판,250.0,2574
11.2,일반,노랑,재고,233.4,3213
11.2,일반,노랑,완판,244.3,3438
12.0,일반,노랑,완판,250.0,2558
10.0,일반,노랑,완판,227.2,2885
11.0,일반,노랑,완판,236.3,2514
9.5,일반,노랑,완판,247.9,2730
10.5,일반,노랑,완판,229.5,3116
9.8,일반,노랑,완판,209.6,3176
10.1,일반,노랑,완판,250.0,2698
10.9,일반,노랑,완판,225.6,3415
8.8,일반,노랑,재고,228.7,2853
13.1,일반,노랑,완판,250.0,2534
8.5,일반,노랑,완판,216.3,2661
8.2,일반,노랑,완판,209.4,3256
11.7,일반,노랑,완판,239.0,3481
11.2,일반,노랑,완판,206.7,3298
10.9,일반,노랑,완판,228.5,3394
10.9,일반,노랑,재고,236.5,2970
10.0,일반,노랑,재고,225.9,3030
8.7,일반,노랑,완판,202.8,3463
10.1,일반,노랑,완판,250.0,3291
9.0,일반,노랑,완판,228.5,3351
11.5,일반,주황,완판,250.0,2922
9.8,일반,주황,재고,225.4,2847
8.8,일반,주황,완판,213.1,3193
9.5,일반,주황,완판,232.6,3434
10.6,일반,주황,완판,228.6,3412
9.2,일반,주황,완판,209.8,2646
8.8,일반,주황,재고,248.3,2873
10.4,일반,주황,완판,221.8,3187
10.4,일반,주황,재고,203.5,3174
9.2,일반,주황,완판,247.6,2915
9.3,일반,주황,완판,220.3,3186
10.3,일반,주황,완판,221.9,2993
7.8,일반,주황,완판,197.0,3058
7.9,일반,주황,완판,249.8,2755
8.9,일반,주황,재고,207.4,3459
9.7,일반,주황,재고,229.9,3185
10.5,일반,주황,재고,245.1,2602
12.2,일반,주황,재고,243.0,2620
11.3,일반,주황,재고,233.0,2918
9.8,일반,주황,완판,203.8,2849
10.0,일반,주황,재고,217.8,3156
8.5,일반,주황,완판,228.3,2541
10.0,일반,주황,완판,218.1,2866
9.6,일반,주황,완판,231.8,2528
10.5,일반,주황,완판,241.7,3465
8.8,일반,주황,완판,240.7,3391
10.8,일반,주황,재고,213.9,3284
12.3,일반,주황,완판,250.0,3476
9.8,일반,주황,완판,241.0,2513
10.6,일반,주황,완판,231.8,3419
11.0,일반,주황,완판,249.4,3452
9.4,일반,주황,완판,250.0,3317
10.3,일반,주황,완판,209.4,3324
10.0,일반,주황,완판,226.7,2984
10.1,일반,주황,완판,194.8,2688
8.8,일반,주황,재고,229.4,3371
10.0,일반,주황,재고,235.6,2794
10.7,일반,주황,완판,231.7,2682
12.2,일반,주황,완판,226.7,3363
11.4,일반,주황,완판,203.6,3047
13.2,일반,주황,재고,245.3,3381
8.8,일반,주황,완판,248.4,2536
11.3,일반,주황,완판,225.1,2513
10.3,일반,주황,재고,237.4,3422
13.3,일반,주황,완판,216.3,3134
8.8,일반,주황,완판,233.2,3094
8.7,일반,주황,완판,220.3,2658
9.1,일반,주황,재고,215.9,2993
6.8,일반,주황,재고,209.0,2828
9.2,일반,주황,재고,221.7,3113
8.9,일반,주황,완판,232.3,3348
10.2,일반,주황,완판,211.0,2582
10.5,일반,주황,재고,225.6,3055
12.8,일반,주황,재고,237.8,3079
11.4,일반,주황,완판,217.8,3059
9.1,일반,주황,재고,250.0,3068
8.7,일반,주황,완판,213.2,3086
10.7,일반,주황,완판,222.2,2521
8.0,일반,주황,완판,209.4,2631
12.7,일반,주황,완판,250.0,2964
11.8,일반,주황,재고,243.6,2955
9.3,일반,주황,완판,213.8,2801
7.4,일반,주황,완판,238.9,3454
12.0,일반,주황,재고,239.1,3429
9.8,일반,주황,재고,233.3,2766
11.9,일반,주황,완판,230.4,3298
7.6,일반,주황,완판,211.6,2894
9.1,일반,주황,완판,232.4,2619
10.0,일반,주황,완판,221.8,2745
10.1,일반,주황,재고,250.0,3067
9.3,일반,주황,재고,208.9,2537
10.9,일반,주황,완판,250.0,2744
8.4,일반,주황,완판,223.5,2520
9.8,일반,주황,완판,233.8,2609
10.2,일반,주황,재고,243.0,3105
10.8,일반,주황,완판,222.9,2893
11.1,일반,주황,완판,246.2,2909
8.3,일반,주황,완판,184.3,3486
7.7,일반,주황,완판,212.3,3147
11.9,일반,주황,완판,221.9,3242
10.5,일반,주황,완판,212.7,2507
8.9,일반,주황,재고,223.4,2943
12.3,일반,주황,재고,242.8,2827
10.2,일반,주황,재고,241.1,3386
11.8,일반,주황,완판,238.9,2789
10.1,일반,주황,완판,220.3,3262
13.1,일반,주황,완판,244.8,3010
12.6,일반,주황,완판,239.8,3411
9.6,일반,주황,재고,242.9,2860
11.5,일반,주황,완판,246.0,3408
11.0,일반,주황,완판,233.4,3098
12.1,일반,주황,재고,222.7,3215
8.6,일반,주황,재고,215.9,2718
11.0,일반,주황,완판,224.8,2905
11.6,일반,주황,완판,230.0,3491
7.4,일반,주황,완판,226.1,3252
8.2,일반,주황,완판,235.4,3422
6.9,일반,주황,완판,220.1,3331
9.6,일반,주황,완판,229.0,3269
11.1,일반,주황,재고,235.4,3120
12.3,일반,주황,완판,229.0,3267
10.1,일반,주황,완판,216.5,3492
12.4,일반,주황,완판,211.0,3293
7.9,일반,주황,완판,213.4,2719
7.4,일반,주황,재고,229.4,3094
9.9,일반,주황,완판,219.2,2606
10.6,일반,주황,완판,228.2,3080
10.0,일반,주황,완판,236.8,3108
6.9,일반,주황,재고,228.5,3223
9.9,일반,주황,완판,213.4,2785
8.0,일반,주황,재고,239.1,3248
11.0,일반,주황,완판,249.9,2507
10.5,일반,주황,완판,214.7,3305
8.6,일반,주황,완판,213.4,2688
9.2,일반,주황,재고,245.6,2580
8.4,일반,주황,재고,223.0,2607
9.9,일반,주황,완판,196.4,2820
11.4,일반,주황,완판,213.3,3078
8.5,일반,주황,완판,221.8,3185
10.8,일반,주황,완판,214.8,2845
9.2,일반,주황,완판,221.4,3362
8.8,일반,주황,재고,226.9,2827
9.8,일반,주황,재고,250.0,3054
8.4,일반,주황,완판,221.0,3198
9.2,일반,주황,완판,243.6,2801
8.2,일반,주황,재고,246.0,2699
12.9,일반,주황,재고,250.0,3392
10.1,일반,주황,완판,234.4,2918
9.0,일반,주황,완판,197.4,2538
10.3,일반,주황,완판,237.9,3231
9.8,일반,주황,완판,245.2,2806
9.7,일반,주황,완판,227.8,2503
10.9,일반,주황,완판,250.0,3132
11.1,일반,주황,완판,246.3,3347
9.2,일반,주황,완판,236.1,2576
9.1,일반,주황,완판,243.7,2967
9.6,일반,주황,완판,233.8,2678
6.5,일반,주황,재고,182.2,3144
7.7,일반,주황,재고,215.7,3322
12.1,일반,주황,완판,250.0,3240
12.5,일반,주황,완판,225.3,2775
9.6,일반,주황,재고,225.5,2651
10.9,일반,주황,완판,216.9,2663
10.5,일반,주황,완판,250.0,2789
14.6,일반,주황,완판,250.0,2877
11.7,일반,주황,완판,221.8,3120
9.8,일반,주황,완판,231.6,3137
8.6,일반,주황,재고,215.5,3251
7.6,일반,주황,완판,232.0,2809
10.3,일반,주황,완판,238.6,3429
8.9,일반,주황,재고,238.8,3478
7.9,일반,주황,완판,228.6,3412
9.0,일반,주황,완판,250.0,2888
8.4,일반,주황,완판,209.7,3356
12.5,일반,주황,완판,211.9,3157
11.3,일반,주황,완판,228.1,3263
10.0,일반,주황,완판,206.4,2682
12.2,일반,주황,완판,214.3,3320
10.1,일반,주황,완판,215.3,2805
8.7,일반,주황,완판,212.3,2571
12.3,일반,주황,완판,222.5,2718
10.8,일반,주황,완판,240.2,3218
8.4,일반,주황,완판,217.7,2672
9.7,일반,주황,완판,226.5,3152
8.7,일반,주황,재고,239.5,2771
7.9,일반,주황,완판,212.3,3225
13.4,스테비아,빨강,재고,236.2,3967
14.9,스테비아,빨강,완판,250.0,3768
9.9,스테비아,빨강,재고,200.6,3519
12.8,스테비아,빨강,재고,202.8,4077
11.0,스테비아,빨강,완판,238.3,4494
11.3,스테비아,빨강,완판,241.2,4314
11.1,스테비아,빨강,완판,250.0,4002
10.7,스테비아,빨강,재고,234.5,3646
12.1,스테비아,빨강,완판,248.5,3928
10.8,스테비아,빨강,완판,229.3,3664
12.4,스테비아,빨강,재고,241.7,4389
11.9,스테비아,빨강,재고,250.0,3809
11.6,스테비아,빨강,완판,203.1,4017
10.6,스테비아,빨강,재고,238.1,3513
11.1,스테비아,빨강,완판,250.0,3631
13.1,스테비아,빨강,재고,243.6,4353
12.8,스테비아,빨강,재고,250.0,4254
10.5,스테비아,빨강,재고,222.2,3938
12.1,스테비아,빨강,완판,236.0,4242
13.1,스테비아,빨강,재고,239.9,4239
9.5,스테비아,빨강,완판,195.2,4173
12.8,스테비아,빨강,완판,220.9,4294
11.0,스테비아,빨강,완판,216.6,3762
12.9,스테비아,빨강,완판,250.0,4142
10.9,스테비아,빨강,완판,245.6,4442
9.3,스테비아,빨강,재고,232.7,3724
9.6,스테비아,빨강,완판,241.0,3757
12.1,스테비아,빨강,완판,233.8,3733
12.4,스테비아,빨강,재고,250.0,3835
10.6,스테비아,빨강,재고,232.1,3908
13.0,스테비아,빨강,완판,239.7,4327
9.5,스테비아,빨강,재고,224.5,4474
11.9,스테비아,빨강,완판,246.0,3523
10.2,스테비아,빨강,재고,224.2,3770
11.0,스테비아,빨강,재고,247.7,3594
12.1,스테비아,빨강,완판,219.2,3641
10.7,스테비아,빨강,재고,215.6,4193
11.4,스테비아,빨강,재고,244.6,4217
13.5,스테비아,빨강,완판,239.2,4401
11.1,스테비아,빨강,재고,226.6,4473
13.3,스테비아,빨강,완판,250.0,3580
10.3,스테비아,빨강,완판,221.8,3773
12.8,스테비아,빨강,완판,235.4,3775
14.2,스테비아,빨강,재고,250.0,4382
8.3,스테비아,빨강,재고,248.0,4457
10.8,스테비아,빨강,완판,250.0,3964
12.9,스테비아,빨강,완판,234.4,3707
11.7,스테비아,빨강,완판,250.0,3795
12.6,스테비아,빨강,완판,223.4,3538
11.1,스테비아,빨강,재고,219.7,4447
12.1,스테비아,빨강,재고,201.1,3787
11.8,스테비아,빨강,재고,250.0,3623
13.8,스테비아,빨강,재고,228.3,4375
12.4,스테비아,빨강,재고,235.2,4468
12.5,스테비아,빨강,완판,223.9,3782
11.4,스테비아,빨강,재고,244.6,4377
11.3,스테비아,빨강,재고,228.2,3679
11.4,스테비아,빨강,재고,214.5,3596
12.6,스테비아,빨강,완판,244.4,3690
11.4,스테비아,빨강,완판,212.6,3573
12.4,스테비아,빨강,완판,224.7,3946
15.1,스테비아,빨강,완판,213.7,4284
13.3,스테비아,빨강,재고,218.6,3996
11.5,스테비아,빨강,완판,237.2,4060
13.8,스테비아,빨강,재고,211.9,3983
11.4,스테비아,빨강,재고,211.9,4348
8.9,스테비아,빨강,완판,226.8,4221
10.5,스테비아,빨강,완판,223.3,3615
9.2,스테비아,빨강,재고,250.0,4034
11.5,스테비아,빨강,재고,250.0,3597
12.0,스테비아,빨강,완판,223.1,3827
14.5,스테비아,빨강,재고,250.0,4408
12.5,스테비아,빨강,재고,248.7,3906
11.7,스테비아,빨강,재고,226.1,3812
13.2,스테비아,빨강,재고,217.3,4201
8.7,스테비아,빨강,완판,225.9,4193
12.4,스테비아,빨강,재고,234.5,3647
13.2,스테비아,빨강,재고,232.9,3841
9.8,스테비아,빨강,완판,236.0,3994
13.7,스테비아,빨강,완판,229.9,4447
12.5,스테비아,빨강,재고,220.2,3522
11.4,스테비아,빨강,재고,235.8,3604
12.9,스테비아,빨강,재고,244.6,4174
15.4,스테비아,빨강,완판,228.6,4078
12.3,스테비아,빨강,완판,250.0,4301
12.4,스테비아,빨강,완판,210.6,4300
11.3,스테비아,빨강,완판,225.3,4057
10.7,스테비아,빨강,완판,228.3,4092
13.2,스테비아,빨강,완판,230.2,4440
10.7,스테비아,빨강,재고,223.7,4158
12.1,스테비아,빨강,재고,250.0,3721
11.3,스테비아,빨강,완판,221.1,4354
12.7,스테비아,빨강,재고,250.0,3514
12.5,스테비아,빨강,재고,244.1,4390
13.6,스테비아,빨강,완판,242.0,4132
11.2,스테비아,빨강,재고,240.8,3577
11.6,스테비아,빨강,완판,250.0,3821
10.5,스테비아,빨강,완판,216.7,4306
11.3,스테비아,빨강,재고,217.2,3740
12.6,스테비아,빨강,완판,226.4,3517
13.1,스테비아,빨강,재고,239.9,4267
10.6,스테비아,빨강,재고,206.0,3953
13.3,스테비아,빨강,완판,240.2,3942
14.0,스테비아,빨강,완판,250.0,4427
12.6,스테비아,빨강,완판,240.1,3776
14.8,스테비아,빨강,재고,240.1,3923
10.8,스테비아,빨강,완판,223.2,3975
10.1,스테비아,빨강,재고,243.9,3526
9.3,스테비아,빨강,완판,215.6,4013
14.2,스테비아,빨강,재고,250.0,4364
13.0,스테비아,빨강,완판,250.0,3963
11.9,스테비아,빨강,재고,239.6,4306
12.4,스테비아,빨강,재고,237.1,4481
10.3,스테비아,빨강,재고,246.4,4323
15.7,스테비아,빨강,완판,250.0,3862
12.2,스테비아,빨강,완판,224.5,3882
12.2,스테비아,빨강,완판,228.6,4250
13.1,스테비아,빨강,재고,219.4,4024
12.7,스테비아,빨강,재고,244.3,3881
12.3,스테비아,빨강,재고,247.0,3683
10.8,스테비아,빨강,완판,212.2,3693
12.7,스테비아,빨강,재고,231.3,3961
14.8,스테비아,빨강,완판,224.3,3555
14.0,스테비아,빨강,완판,228.6,3729
14.4,스테비아,빨강,완판,250.0,3988
11.2,스테비아,빨강,완판,222.7,3527
10.5,스테비아,빨강,완판,227.0,4331
11.8,스테비아,빨강,완판,211.0,4082
12.1,스테비아,빨강,재고,239.1,4221
13.6,스테비아,빨강,완판,240.3,4459
9.5,스테비아,빨강,재고,217.4,3683
14.3,스테비아,빨강,재고,240.0,3924
11.8,스테비아,빨강,재고,238.0,3874
11.4,스테비아,빨강,재고,221.9,4367
10.5,스테비아,빨강,재고,209.3,3540
9.5,스테비아,빨강,재고,250.0,3983
13.2,스테비아,빨강,완판,230.2,3759
12.1,스테비아,빨강,재고,234.9,3940
10.1,스테비아,빨강,완판,245.4,4425
10.1,스테비아,빨강,재고,250.0,4355
11.5,스테비아,빨강,완판,215.8,3583
14.5,스테비아,빨강,완판,250.0,3545
11.6,스테비아,빨강,완판,224.2,3939
9.7,스테비아,빨강,완판,221.2,4170
11.6,스테비아,빨강,재고,224.1,4355
11.6,스테비아,빨강,완판,217.9,4018
8.0,스테비아,빨강,재고,223.2,4485
11.9,스테비아,빨강,재고,213.6,4344
11.7,스테비아,빨강,완판,249.2,3937
13.0,스테비아,빨강,재고,240.0,3635
14.8,스테비아,빨강,완판,250.0,3682
13.7,스테비아,빨강,완판,234.1,4208
11.6,스테비아,빨강,재고,229.3,3671
10.3,스테비아,빨강,재고,235.3,4408
15.9,스테비아,빨강,재고,230.1,4360
12.1,스테비아,빨강,완판,230.9,4287
12.0,스테비아,빨강,완판,223.2,4089
12.0,스테비아,빨강,재고,222.5,4427
12.3,스테비아,빨강,재고,205.2,4455
11.8,스테비아,빨강,완판,250.0,4189
11.1,스테비아,빨강,완판,223.1,4038
11.2,스테비아,빨강,재고,250.0,3619
12.0,스테비아,빨강,재고,250.0,3780
11.2,스테비아,빨강,완판,214.3,3807
10.9,스테비아,빨강,재고,216.5,4207
12.2,스테비아,빨강,재고,250.0,3776
11.6,스테비아,빨강,완판,250.0,4029
14.3,스테비아,노랑,완판,242.3,3794
8.0,스테비아,노랑,완판,227.9,4282
13.6,스테비아,노랑,완판,231.4,3552
13.9,스테비아,노랑,완판,248.1,4305
8.9,스테비아,노랑,완판,215.9,3931
11.5,스테비아,노랑,완판,204.0,3551
11.4,스테비아,노랑,완판,214.5,4227
9.9,스테비아,노랑,완판,230.0,3571
10.8,스테비아,노랑,재고,215.5,3527
10.3,스테비아,노랑,완판,230.0,3968
14.6,스테비아,노랑,완판,227.8,4411
13.4,스테비아,노랑,완판,228.5,4263
13.9,스테비아,노랑,재고,250.0,4385
13.1,스테비아,노랑,완판,243.0,4411
10.3,스테비아,노랑,완판,230.8,4046
11.2,스테비아,노랑,완판,246.8,3900
12.7,스테비아,노랑,완판,245.4,3700
10.2,스테비아,노랑,재고,250.0,4260
13.1,스테비아,노랑,완판,232.3,4110
11.6,스테비아,노랑,완판,228.5,4319
11.4,스테비아,노랑,완판,214.8,4488
13.1,스테비아,노랑,완판,232.8,4498
12.7,스테비아,노랑,완판,250.0,3965
11.5,스테비아,노랑,완판,250.0,4151
13.7,스테비아,노랑,완판,250.0,4094
10.4,스테비아,노랑,완판,204.2,4059
12.9,스테비아,노랑,재고,250.0,4289
12.9,스테비아,노랑,완판,211.1,3878
11.5,스테비아,노랑,완판,248.1,4259
12.5,스테비아,노랑,완판,232.0,4394
10.1,스테비아,노랑,완판,240.9,3676
13.4,스테비아,노랑,완판,220.2,3551
11.7,스테비아,노랑,완판,250.0,3578
11.2,스테비아,노랑,완판,211.7,3884
13.6,스테비아,노랑,완판,230.7,4333
10.9,스테비아,노랑,완판,217.9,4075
9.9,스테비아,노랑,완판,203.3,3507
9.7,스테비아,노랑,재고,230.4,3713
12.9,스테비아,노랑,완판,250.0,3524
10.1,스테비아,노랑,완판,250.0,3949
14.6,스테비아,노랑,완판,245.4,4267
8.9,스테비아,노랑,재고,243.4,4254
14.5,스테비아,노랑,완판,247.1,4468
12.3,스테비아,노랑,완판,244.4,3956
11.9,스테비아,노랑,완판,230.4,3960
11.2,스테비아,노랑,완판,236.5,3697
12.6,스테비아,노랑,완판,245.9,3593
11.9,스테비아,노랑,완판,227.2,4218
13.7,스테비아,노랑,완판,239.8,4446
12.2,스테비아,노랑,재고,235.6,3936
12.2,스테비아,노랑,완판,249.1,4026
11.5,스테비아,노랑,완판,218.4,4189
11.9,스테비아,노랑,완판,235.0,4466
12.5,스테비아,노랑,완판,250.0,3877
9.4,스테비아,노랑,완판,245.8,4086
10.0,스테비아,노랑,완판,250.0,3603
13.1,스테비아,노랑,완판,239.7,4305
12.3,스테비아,노랑,완판,241.6,4179
11.7,스테비아,노랑,완판,250.0,4461
12.0,스테비아,노랑,완판,250.0,4126
12.5,스테비아,노랑,완판,208.3,3538
11.2,스테비아,노랑,완판,213.8,3957
10.8,스테비아,노랑,완판,250.0,3863
12.3,스테비아,노랑,완판,232.7,4284
10.5,스테비아,노랑,완판,221.5,3634
12.6,스테비아,노랑,완판,219.0,3873
9.4,스테비아,노랑,완판,220.0,3731
13.5,스테비아,노랑,완판,219.6,3538
12.7,스테비아,노랑,완판,250.0,4463
12.4,스테비아,노랑,완판,236.8,4302
13.5,스테비아,노랑,완판,239.6,4318
14.5,스테비아,노랑,완판,250.0,3546
13.5,스테비아,노랑,완판,250.0,3535
9.2,스테비아,노랑,재고,241.9,4331
10.1,스테비아,노랑,완판,246.3,3594
11.1,스테비아,노랑,완판,223.7,4484
12.0,스테비아,노랑,완판,231.6,3860
12.8,스테비아,노랑,완판,249.9,4024
10.9,스테비아,노랑,완판,224.8,3645
12.3,스테비아,노랑,완판,236.8,4416
10.9,스테비아,노랑,완판,238.6,3867
11.1,스테비아,노랑,완판,245.0,3564
9.9,스테비아,노랑,재고,203.0,3727
10.6,스테비아,노랑,완판,242.6,4253
10.0,스테비아,노랑,완판,226.4,4019
10.5,스테비아,노랑,완판,242.2,4315
13.6,스테비아,노랑,완판,250.0,4352
10.6,스테비아,노랑,완판,250.0,4054
15.9,스테비아,노랑,완판,250.0,4255
12.7,스테비아,노랑,완판,250.0,3680
12.3,스테비아,노랑,완판,250.0,4000
10.7,스테비아,노랑,완판,236.5,4096
13.1,스테비아,노랑,완판,239.6,3654
11.1,스테비아,노랑,완판,246.5,4286
12.2,스테비아,노랑,완판,247.5,4034
15.8,스테비아,노랑,재고,242.9,4126
11.9,스테비아,노랑,재고,241.6,4317
13.7,스테비아,노랑,완판,240.6,3934
10.9,스테비아,노랑,완판,220.0,4310
11.9,스테비아,노랑,완판,250.0,3598
14.7,스테비아,노랑,완판,244.8,4115
11.1,스테비아,노랑,재고,250.0,3871
14.7,스테비아,노랑,완판,219.8,4062
13.1,스테비아,노랑,완판,230.8,3861
11.2,스테비아,노랑,완판,234.0,3611
12.9,스테비아,노랑,완판,250.0,3952
13.5,스테비아,노랑,완판,246.4,4255
12.9,스테비아,노랑,완판,243.5,3668
9.6,스테비아,노랑,완판,212.0,4083
10.9,스테비아,노랑,완판,215.4,3638
11.6,스테비아,노랑,완판,239.7,4347
11.9,스테비아,노랑,완판,215.2,3730
12.9,스테비아,노랑,완판,230.8,3738
12.3,스테비아,노랑,완판,244.3,4483
10.0,스테비아,노랑,완판,215.3,3752
12.6,스테비아,노랑,재고,250.0,4480
12.9,스테비아,노랑,재고,250.0,3935
12.8,스테비아,노랑,재고,214.9,4418
13.6,스테비아,노랑,완판,226.9,4060
13.3,스테비아,노랑,완판,205.5,3921
12.7,스테비아,노랑,완판,226.3,3802
11.9,스테비아,노랑,완판,247.2,3571
9.5,스테비아,노랑,재고,222.3,3762
12.6,스테비아,노랑,완판,244.8,4333
12.3,스테비아,노랑,완판,214.1,3721
12.4,스테비아,노랑,재고,249.2,3576
10.1,스테비아,노랑,완판,221.9,3561
10.4,스테비아,노랑,완판,231.3,3970
13.6,스테비아,노랑,완판,239.3,3656
11.9,스테비아,노랑,완판,216.7,4305
13.0,스테비아,노랑,완판,221.8,3624
12.0,스테비아,노랑,완판,250.0,4240
12.0,스테비아,노랑,완판,242.1,4351
13.4,스테비아,노랑,완판,250.0,3660
11.2,스테비아,노랑,완판,238.5,4040
12.1,스테비아,노랑,완판,238.6,4125
11.3,스테비아,노랑,완판,208.0,4090
11.3,스테비아,노랑,완판,230.0,4034
11.5,스테비아,노랑,재고,234.2,3605
12.3,스테비아,노랑,완판,250.0,3630
11.3,스테비아,노랑,완판,244.1,3856
13.9,스테비아,노랑,완판,250.0,4488
10.7,스테비아,노랑,완판,240.9,4184
11.7,스테비아,노랑,완판,224.5,4275
11.3,스테비아,노랑,완판,235.8,4353
14.2,스테비아,노랑,완판,246.1,4384
12.3,스테비아,노랑,완판,222.8,4296
13.5,스테비아,노랑,완판,234.9,3501
9.8,스테비아,노랑,재고,226.2,3732
12.4,스테비아,노랑,완판,250.0,3868
13.3,스테비아,노랑,재고,208.8,3750
12.1,스테비아,노랑,완판,250.0,4445
13.6,스테비아,노랑,완판,226.7,4332
11.2,스테비아,노랑,완판,213.1,3607
14.1,스테비아,노랑,완판,250.0,3775
15.4,스테비아,노랑,완판,250.0,3679
11.5,스테비아,노랑,완판,250.0,4224
11.3,스테비아,노랑,완판,246.0,3792
14.2,스테비아,노랑,완판,250.0,4083
14.4,스테비아,노랑,완판,250.0,4294
11.2,스테비아,노랑,완판,231.3,3674
11.4,스테비아,노랑,완판,239.3,3622
11.6,스테비아,노랑,완판,250.0,3726
10.0,스테비아,노랑,완판,218.3,4401
10.6,스테비아,노랑,완판,222.1,3943
10.5,스테비아,노랑,완판,226.8,4312
10.8,스테비아,노랑,완판,201.0,3927
11.9,스테비아,주황,완판,237.9,3582
12.4,스테비아,주황,재고,208.8,4264
14.3,스테비아,주황,완판,243.8,4157
10.5,스테비아,주황,완판,244.5,4131
13.5,스테비아,주황,완판,233.3,3564
11.7,스테비아,주황,재고,250.0,3780
11.9,스테비아,주황,완판,213.9,4294
13.0,스테비아,주황,완판,250.0,3890
10.3,스테비아,주황,재고,241.1,3927
12.6,스테비아,주황,완판,212.0,4117
12.2,스테비아,주황,완판,250.0,4424
12.7,스테비아,주황,완판,237.3,4490
12.4,스테비아,주황,완판,224.1,4311
15.7,스테비아,주황,완판,225.9,3606
11.0,스테비아,주황,완판,229.8,4047
11.2,스테비아,주황,완판,231.7,4158
11.1,스테비아,주황,완판,234.7,3761
11.2,스테비아,주황,완판,229.0,4420
11.0,스테비아,주황,재고,242.6,3658
13.8,스테비아,주황,재고,235.5,3764
14.1,스테비아,주황,재고,213.4,3967
11.1,스테비아,주황,완판,231.2,3701
10.8,스테비아,주황,완판,196.7,4432
12.7,스테비아,주황,완판,243.4,3654
11.2,스테비아,주황,완판,218.8,3512
12.9,스테비아,주황,재고,241.3,3796
12.3,스테비아,주황,완판,250.0,4395
9.7,스테비아,주황,완판,214.9,4333
14.3,스테비아,주황,완판,250.0,3997
14.7,스테비아,주황,완판,237.6,4096
11.1,스테비아,주황,완판,250.0,4492
11.4,스테비아,주황,완판,228.8,4291
12.4,스테비아,주황,완판,224.7,3744
12.5,스테비아,주황,재고,247.8,3799
13.0,스테비아,주황,완판,232.4,3861
15.0,스테비아,주황,재고,232.4,3853
11.7,스테비아,주황,재고,228.0,4327
10.8,스테비아,주황,완판,231.7,4020
9.9,스테비아,주황,재고,249.9,3885
10.9,스테비아,주황,완판,203.7,4258
12.0,스테비아,주황,재고,236.2,3811
14.7,스테비아,주황,완판,250.0,3913
11.2,스테비아,주황,완판,236.6,3777
12.3,스테비아,주황,완판,250.0,4249
12.0,스테비아,주황,완판,234.8,4214
13.8,스테비아,주황,재고,238.6,4258
15.8,스테비아,주황,완판,250.0,4246
11.2,스테비아,주황,완판,235.1,4092
11.3,스테비아,주황,완판,227.9,3855
13.6,스테비아,주황,재고,248.4,4024
13.0,스테비아,주황,완판,229.3,4338
14.8,스테비아,주황,완판,235.1,3515
12.9,스테비아,주황,완판,230.7,4492
11.5,스테비아,주황,재고,250.0,3544
12.9,스테비아,주황,완판,190.3,3820
13.7,스테비아,주황,완판,246.9,4150
13.2,스테비아,주황,완판,240.2,3825
12.8,스테비아,주황,재고,213.1,3647
13.6,스테비아,주황,완판,245.4,3854
13.8,스테비아,주황,완판,248.4,3735
14.1,스테비아,주황,완판,250.0,4202
13.0,스테비아,주황,재고,199.1,4112
11.7,스테비아,주황,재고,250.0,3604
12.2,스테비아,주황,완판,225.6,3973
13.8,스테비아,주황,완판,250.0,4261
10.8,스테비아,주황,완판,243.4,3895
12.6,스테비아,주황,완판,224.5,3945
11.4,스테비아,주황,완판,244.1,4105
12.0,스테비아,주황,완판,230.3,3719
13.9,스테비아,주황,완판,210.7,4486
12.3,스테비아,주황,재고,250.0,4309
12.1,스테비아,주황,완판,224.6,4350
10.0,스테비아,주황,완판,217.1,4464
13.1,스테비아,주황,완판,233.3,3941
13.0,스테비아,주황,완판,243.0,4144
15.2,스테비아,주황,완판,244.9,4372
11.5,스테비아,주황,완판,242.8,4166
12.3,스테비아,주황,완판,216.9,3527
12.4,스테비아,주황,재고,226.0,4293
14.4,스테비아,주황,재고,241.4,3974
11.9,스테비아,주황,완판,250.0,4127
12.4,스테비아,주황,완판,235.5,3804
12.9,스테비아,주황,완판,250.0,4245
12.3,스테비아,주황,완판,237.4,3904
11.3,스테비아,주황,완판,226.7,4012
12.3,스테비아,주황,재고,233.2,4001
13.6,스테비아,주황,재고,238.3,3847
10.5,스테비아,주황,재고,240.4,3739
12.2,스테비아,주황,완판,250.0,4069
10.9,스테비아,주황,재고,238.2,4346
13.8,스테비아,주황,재고,250.0,4194
9.7,스테비아,주황,완판,214.7,3836
11.2,스테비아,주황,완판,227.3,3525
12.6,스테비아,주황,재고,226.8,4479
14.3,스테비아,주황,완판,247.8,3908
11.9,스테비아,주황,완판,230.3,3576
11.2,스테비아,주황,완판,244.4,4428
14.8,스테비아,주황,완판,230.5,3716
9.8,스테비아,주황,완판,230.1,3827
8.7,스테비아,주황,재고,236.4,4336
12.7,스테비아,주황,완판,207.0,4273
11.2,스테비아,주황,완판,250.0,3522
10.5,스테비아,주황,완판,227.2,4255
13.1,스테비아,주황,완판,208.8,4169
12.4,스테비아,주황,완판,239.5,4217
11.2,스테비아,주황,완판,234.0,3809
10.1,스테비아,주황,완판,229.0,4098
13.3,스테비아,주황,완판,250.0,3766
13.0,스테비아,주황,완판,250.0,3914
11.9,스테비아,주황,완판,240.0,4145
14.8,스테비아,주황,완판,250.0,3766
10.4,스테비아,주황,완판,229.6,3832
9.7,스테비아,주황,재고,250.0,4279
11.0,스테비아,주황,완판,210.7,3949
11.9,스테비아,주황,완판,237.9,4064
12.4,스테비아,주황,완판,238.1,4110
11.6,스테비아,주황,완판,247.1,3746
12.5,스테비아,주황,재고,224.9,3535
10.1,스테비아,주황,완판,204.2,3900
14.2,스테비아,주황,완판,244.8,3527
11.9,스테비아,주황,완판,239.8,3719
13.7,스테비아,주황,완판,250.0,3905
12.5,스테비아,주황,재고,218.5,4113
12.7,스테비아,주황,완판,250.0,4274
12.9,스테비아,주황,완판,250.0,3770
12.7,스테비아,주황,완판,232.3,4235
13.0,스테비아,주황,완판,219.5,4150
14.0,스테비아,주황,재고,235.9,4291
12.3,스테비아,주황,완판,237.1,4010
13.1,스테비아,주황,완판,247.6,4462
11.9,스테비아,주황,완판,226.7,3785
14.2,스테비아,주황,완판,250.0,3953
11.0,스테비아,주황,완판,216.2,4261
14.7,스테비아,주황,완판,218.0,4333
11.9,스테비아,주황,완판,250.0,3816
9.9,스테비아,주황,완판,195.4,4089
12.2,스테비아,주황,완판,233.5,3796
11.0,스테비아,주황,재고,250.0,3837
13.3,스테비아,주황,완판,239.6,3806
11.0,스테비아,주황,완판,216.3,3927
11.3,스테비아,주황,완판,233.1,3850
9.2,스테비아,주황,완판,226.7,4010
11.3,스테비아,주황,완판,236.4,4024
8.4,스테비아,주황,재고,235.0,4357
9.6,스테비아,주황,완판,213.3,3991
13.1,스테비아,주황,완판,250.0,4407
13.2,스테비아,주황,완판,243.2,4093
12.6,스테비아,주황,완판,248.8,3508
10.5,스테비아,주황,완판,222.2,3996
11.9,스테비아,주황,재고,250.0,4224
12.0,스테비아,주황,완판,232.1,4059
10.3,스테비아,주황,완판,235.0,4060
14.3,스테비아,주황,완판,228.8,4320
13.3,스테비아,주황,완판,225.0,3939
11.7,스테비아,주황,완판,245.3,4051
12.0,스테비아,주황,완판,229.5,4374
12.3,스테비아,주황,완판,224.1,4291
8.9,스테비아,주황,완판,217.2,4237
11.6,스테비아,주황,완판,245.4,4467
11.0,스테비아,주황,완판,223.5,3607
10.5,스테비아,주황,완판,229.7,3744
11.6,스테비아,주황,완판,235.0,3754
14.7,스테비아,주황,완판,215.3,3532
13.0,스테비아,주황,완판,216.8,3522
11.1,스테비아,주황,완판,238.5,4344
12.9,스테비아,주황,재고,227.5,4065
16.1,프리미엄,빨강,재고,250.0,5320
15.4,프리미엄,빨강,재고,250.0,4548
14.1,프리미엄,빨강,재고,250.0,4961
13.0,프리미엄,빨강,재고,250.0,5089
15.0,프리미엄,빨강,완판,243.9,4835
14.6,프리미엄,빨강,재고,250.0,5444
15.3,프리미엄,빨강,재고,237.3,4857
15.0,프리미엄,빨강,완판,250.0,4621
15.6,프리미엄,빨강,재고,250.0,4943
13.2,프리미엄,빨강,완판,239.8,4858
16.0,프리미엄,빨강,완판,250.0,5101
14.3,프리미엄,빨강,재고,250.0,4845
17.1,프리미엄,빨강,완판,249.1,4692
13.0,프리미엄,빨강,재고,229.0,4915
16.6,프리미엄,빨강,완판,250.0,4876
14.3,프리미엄,빨강,재고,244.1,4962
13.0,프리미엄,빨강,재고,241.8,5255
13.3,프리미엄,빨강,완판,227.3,5160
13.5,프리미엄,빨강,완판,214.8,4645
14.6,프리미엄,빨강,완판,247.5,4977
14.8,프리미엄,빨강,완판,250.0,5327
13.1,프리미엄,빨강,재고,236.0,5389
14.0,프리미엄,빨강,재고,250.0,5152
17.2,프리미엄,빨강,재고,241.1,4907
16.6,프리미엄,빨강,재고,234.0,4785
14.7,프리미엄,빨강,재고,243.0,5397
14.1,프리미엄,빨강,완판,240.9,5350
14.2,프리미엄,빨강,재고,250.0,4610
14.9,프리미엄,빨강,재고,233.1,5119
12.5,프리미엄,빨강,재고,250.0,5378
13.6,프리미엄,빨강,완판,250.0,5292
11.5,프리미엄,빨강,완판,233.9,4549
14.6,프리미엄,빨강,완판,250.0,4513
15.0,프리미엄,빨강,재고,229.1,4633
13.3,프리미엄,빨강,완판,250.0,5087
16.4,프리미엄,빨강,재고,250.0,5095
12.2,프리미엄,빨강,완판,249.4,4842
11.8,프리미엄,빨강,완판,235.2,5169
14.3,프리미엄,빨강,재고,198.7,4785
15.6,프리미엄,빨강,재고,237.1,5433
16.5,프리미엄,빨강,완판,240.2,4813
13.3,프리미엄,빨강,재고,225.3,5105
15.6,프리미엄,빨강,완판,248.7,4796
13.9,프리미엄,빨강,재고,235.5,5105
13.7,프리미엄,빨강,재고,228.9,5068
15.3,프리미엄,빨강,재고,230.1,4663
15.0,프리미엄,빨강,재고,234.2,5331
11.6,프리미엄,빨강,재고,250.0,4996
16.2,프리미엄,빨강,재고,238.7,5109
16.1,프리미엄,빨강,완판,240.5,4515
13.1,프리미엄,빨강,재고,232.3,4843
14.6,프리미엄,빨강,완판,248.9,4577
14.7,프리미엄,빨강,완판,250.0,4845
14.4,프리미엄,빨강,완판,197.5,4571
13.2,프리미엄,빨강,재고,250.0,4769
13.0,프리미엄,빨강,재고,250.0,4786
14.0,프리미엄,빨강,재고,226.1,4565
15.8,프리미엄,빨강,완판,232.7,5379
14.8,프리미엄,빨강,완판,237.7,4567
13.4,프리미엄,빨강,재고,229.0,4692
15.2,프리미엄,빨강,재고,248.8,4554
9.7,프리미엄,빨강,완판,200.0,5479
15.7,프리미엄,빨강,재고,230.4,4878
11.4,프리미엄,빨강,완판,250.0,5473
13.5,프리미엄,빨강,완판,226.4,4667
12.3,프리미엄,빨강,완판,250.0,4908
12.1,프리미엄,빨강,재고,241.5,5007
15.7,프리미엄,빨강,재고,220.1,5036
13.3,프리미엄,빨강,완판,249.4,5142
14.5,프리미엄,빨강,완판,241.8,5336
13.9,프리미엄,빨강,재고,235.0,4601
14.7,프리미엄,빨강,재고,247.8,5385
14.1,프리미엄,빨강,완판,249.5,5293
12.1,프리미엄,빨강,완판,246.8,5307
15.5,프리미엄,빨강,완판,250.0,5305
13.3,프리미엄,빨강,완판,245.9,4921
11.7,프리미엄,빨강,재고,214.4,5463
13.4,프리미엄,빨강,재고,233.0,5274
16.3,프리미엄,빨강,완판,250.0,4977
15.3,프리미엄,빨강,완판,250.0,5425
13.5,프리미엄,빨강,재고,250.0,4619
13.5,프리미엄,빨강,재고,250.0,5414
13.5,프리미엄,빨강,완판,244.2,5242
17.1,프리미엄,빨강,재고,250.0,4790
14.6,프리미엄,빨강,재고,243.2,4987
14.6,프리미엄,빨강,완판,217.9,4660
15.5,프리미엄,빨강,완판,246.9,5172
14.4,프리미엄,빨강,완판,250.0,4577
13.6,프리미엄,빨강,재고,231.8,4537
13.7,프리미엄,빨강,완판,247.3,4893
13.9,프리미엄,빨강,완판,250.0,4940
13.9,프리미엄,빨강,완판,228.2,5039
15.1,프리미엄,빨강,완판,238.5,4961
14.1,프리미엄,빨강,재고,227.0,5111
15.1,프리미엄,빨강,재고,233.0,4793
13.9,프리미엄,빨강,재고,222.3,4899
14.1,프리미엄,빨강,재고,228.8,5135
11.0,프리미엄,빨강,완판,250.0,5416
15.4,프리미엄,빨강,완판,232.4,4591
14.5,프리미엄,빨강,완판,245.5,5266
15.5,프리미엄,빨강,완판,238.9,5108
9.7,프리미엄,빨강,재고,246.6,4505
17.1,프리미엄,빨강,재고,250.0,5180
13.8,프리미엄,빨강,재고,250.0,5394
15.7,프리미엄,빨강,재고,250.0,4770
12.4,프리미엄,빨강,재고,233.9,5119
14.9,프리미엄,빨강,완판,226.9,5398
12.4,프리미엄,빨강,완판,250.0,5310
13.1,프리미엄,빨강,재고,227.8,5058
16.9,프리미엄,빨강,재고,250.0,4598
13.7,프리미엄,빨강,완판,250.0,5025
14.3,프리미엄,빨강,재고,234.6,4693
15.3,프리미엄,빨강,완판,250.0,4656
14.7,프리미엄,빨강,완판,250.0,5399
14.2,프리미엄,빨강,완판,250.0,5165
14.5,프리미엄,빨강,재고,236.6,4614
17.6,프리미엄,빨강,완판,233.5,4895
13.9,프리미엄,빨강,재고,234.2,5269
14.3,프리미엄,빨강,완판,246.0,5156
15.6,프리미엄,빨강,재고,247.6,5302
15.7,프리미엄,빨강,재고,241.1,5021
15.8,프리미엄,빨강,완판,218.7,5379
15.0,프리미엄,빨강,완판,250.0,4713
12.3,프리미엄,빨강,완판,250.0,5244
16.5,프리미엄,빨강,완판,250.0,5182
12.3,프리미엄,빨강,완판,246.0,5032
14.5,프리미엄,빨강,재고,250.0,4514
12.9,프리미엄,빨강,완판,244.6,4918
13.9,프리미엄,빨강,완판,250.0,4867
14.5,프리미엄,빨강,완판,249.4,5137
14.5,프리미엄,빨강,완판,238.8,5352
14.6,프리미엄,빨강,재고,232.0,5352
16.4,프리미엄,빨강,완판,245.5,4712
14.7,프리미엄,빨강,재고,248.8,5199
13.6,프리미엄,빨강,재고,236.2,5183
15.4,프리미엄,빨강,완판,250.0,5491
15.8,프리미엄,빨강,재고,250.0,5258
12.2,프리미엄,빨강,완판,249.0,4504
14.9,프리미엄,빨강,재고,250.0,4730
15.1,프리미엄,빨강,재고,246.3,4700
13.6,프리미엄,빨강,완판,221.0,5384
16.1,프리미엄,빨강,완판,243.0,4901
13.8,프리미엄,빨강,완판,242.0,4648
14.2,프리미엄,빨강,완판,215.0,5083
13.7,프리미엄,빨강,완판,250.0,4991
14.0,프리미엄,빨강,재고,244.2,4725
12.4,프리미엄,빨강,재고,242.8,5085
11.8,프리미엄,빨강,재고,250.0,5318
16.4,프리미엄,빨강,완판,239.7,4668
12.7,프리미엄,빨강,완판,246.8,5260
12.5,프리미엄,빨강,재고,235.9,5291
10.8,프리미엄,빨강,완판,229.5,5499
13.0,프리미엄,빨강,완판,227.5,4651
12.0,프리미엄,빨강,재고,250.0,4723
16.5,프리미엄,빨강,재고,243.8,5003
15.5,프리미엄,빨강,완판,250.0,5236
13.0,프리미엄,빨강,완판,210.8,5049
17.4,프리미엄,빨강,완판,250.0,4543
15.5,프리미엄,빨강,재고,250.0,5196
13.5,프리미엄,빨강,완판,242.0,5003
10.3,프리미엄,빨강,재고,227.3,5454
17.4,프리미엄,빨강,재고,250.0,4740
11.9,프리미엄,빨강,완판,250.0,5429
11.5,프리미엄,빨강,재고,208.1,5342
15.5,프리미엄,빨강,완판,250.0,4850
17.7,프리미엄,빨강,재고,239.3,5221
16.1,프리미엄,빨강,완판,247.9,4522
14.8,프리미엄,노랑,재고,240.8,5135
14.9,프리미엄,노랑,완판,238.3,5097
15.3,프리미엄,노랑,완판,245.7,4542
15.1,프리미엄,노랑,완판,228.4,4965
14.4,프리미엄,노랑,완판,250.0,4539
14.2,프리미엄,노랑,완판,215.6,4802
13.9,프리미엄,노랑,완판,249.8,5180
12.9,프리미엄,노랑,완판,233.7,4674
13.6,프리미엄,노랑,완판,223.2,5498
11.5,프리미엄,노랑,재고,237.4,5031
13.9,프리미엄,노랑,완판,218.2,4960
12.5,프리미엄,노랑,완판,238.1,5120
12.3,프리미엄,노랑,완판,215.7,4692
14.3,프리미엄,노랑,완판,249.7,4743
16.1,프리미엄,노랑,완판,234.4,5335
15.4,프리미엄,노랑,재고,239.4,4779
11.6,프리미엄,노랑,완판,239.3,5239
12.5,프리미엄,노랑,완판,226.0,4535
15.4,프리미엄,노랑,완판,245.4,5056
12.5,프리미엄,노랑,완판,214.9,5397
13.7,프리미엄,노랑,완판,250.0,5039
14.8,프리미엄,노랑,완판,250.0,4653
12.5,프리미엄,노랑,완판,250.0,4522
14.2,프리미엄,노랑,완판,243.8,5218
12.0,프리미엄,노랑,완판,247.8,5431
13.1,프리미엄,노랑,재고,212.6,4590
14.5,프리미엄,노랑,완판,250.0,4889
11.6,프리미엄,노랑,완판,246.5,5430
14.7,프리미엄,노랑,완판,236.7,4858
14.0,프리미엄,노랑,완판,250.0,5049
14.8,프리미엄,노랑,재고,240.7,5430
14.3,프리미엄,노랑,완판,236.1,4727
16.0,프리미엄,노랑,완판,250.0,4701
14.2,프리미엄,노랑,완판,226.6,4849
13.4,프리미엄,노랑,완판,250.0,5320
14.2,프리미엄,노랑,완판,226.7,5265
14.8,프리미엄,노랑,완판,228.7,4537
14.1,프리미엄,노랑,완판,228.6,5232
14.1,프리미엄,노랑,완판,250.0,4999
12.9,프리미엄,노랑,완판,229.6,5198
13.0,프리미엄,노랑,완판,218.8,4542
11.9,프리미엄,노랑,완판,226.6,5370
16.6,프리미엄,노랑,완판,249.4,5125
12.1,프리미엄,노랑,완판,218.7,5271
13.0,프리미엄,노랑,완판,221.6,5016
12.9,프리미엄,노랑,완판,250.0,4567
15.3,프리미엄,노랑,완판,233.1,5239
13.6,프리미엄,노랑,완판,235.8,4622
15.9,프리미엄,노랑,완판,242.1,5184
13.0,프리미엄,노랑,완판,232.6,4835
14.4,프리미엄,노랑,완판,250.0,4652
12.7,프리미엄,노랑,완판,250.0,5473
17.2,프리미엄,노랑,완판,247.1,5278
12.2,프리미엄,노랑,완판,218.1,5168
14.5,프리미엄,노랑,완판,250.0,4661
15.0,프리미엄,노랑,완판,243.4,4713
14.6,프리미엄,노랑,완판,250.0,5409
13.7,프리미엄,노랑,완판,207.5,4875
13.8,프리미엄,노랑,완판,244.3,5419
14.1,프리미엄,노랑,완판,250.0,4942
13.8,프리미엄,노랑,완판,236.0,4922
15.4,프리미엄,노랑,완판,243.0,5037
17.3,프리미엄,노랑,완판,250.0,5438
13.2,프리미엄,노랑,완판,231.1,5303
11.9,프리미엄,노랑,완판,231.2,5434
13.9,프리미엄,노랑,완판,236.5,5200
17.9,프리미엄,노랑,완판,244.2,5411
12.8,프리미엄,노랑,완판,250.0,5133
16.5,프리미엄,노랑,완판,250.0,4729
16.5,프리미엄,노랑,완판,250.0,4558
13.2,프리미엄,노랑,완판,250.0,4595
14.9,프리미엄,노랑,완판,240.6,4761
16.4,프리미엄,노랑,완판,237.7,4853
13.4,프리미엄,노랑,완판,231.3,4811
13.7,프리미엄,노랑,재고,241.1,4635
13.1,프리미엄,노랑,완판,223.5,5361
12.5,프리미엄,노랑,완판,229.9,5294
13.0,프리미엄,노랑,재고,231.3,5466
12.2,프리미엄,노랑,완판,250.0,5422
14.1,프리미엄,노랑,완판,200.5,4972
12.8,프리미엄,노랑,완판,235.8,5131
14.4,프리미엄,노랑,완판,250.0,4929
11.7,프리미엄,노랑,완판,236.8,5436
14.5,프리미엄,노랑,완판,250.0,5474
15.3,프리미엄,노랑,완판,247.2,5036
11.0,프리미엄,노랑,완판,223.0,5353
14.6,프리미엄,노랑,완판,210.1,4645
15.8,프리미엄,노랑,완판,250.0,5023
12.2,프리미엄,노랑,완판,224.9,4586
16.5,프리미엄,노랑,완판,237.5,5446
14.6,프리미엄,노랑,완판,236.4,4608
12.9,프리미엄,노랑,재고,250.0,4922
13.9,프리미엄,노랑,완판,250.0,4844
14.8,프리미엄,노랑,완판,247.8,4765
14.1,프리미엄,노랑,완판,235.4,5233
14.8,프리미엄,노랑,완판,226.8,5085
12.6,프리미엄,노랑,완판,244.9,5493
14.3,프리미엄,노랑,재고,250.0,4993
11.9,프리미엄,노랑,완판,231.9,4832
13.8,프리미엄,노랑,완판,205.8,5321
12.6,프리미엄,노랑,완판,248.0,4912
12.9,프리미엄,노랑,완판,250.0,5113
15.9,프리미엄,노랑,완판,223.8,5436
15.6,프리미엄,노랑,완판,249.6,5148
14.9,프리미엄,노랑,완판,250.0,4690
12.4,프리미엄,노랑,완판,236.0,5472
13.5,프리미엄,노랑,완판,228.7,5432
15.8,프리미엄,노랑,완판,250.0,4641
14.2,프리미엄,노랑,완판,236.6,5368
17.5,프리미엄,노랑,완판,230.2,4572
14.6,프리미엄,노랑,완판,213.0,5339
14.3,프리미엄,노랑,완판,250.0,4666
13.5,프리미엄,노랑,재고,249.9,4667
14.2,프리미엄,노랑,완판,243.9,5065
13.8,프리미엄,노랑,재고,234.7,4758
15.1,프리미엄,노랑,완판,237.3,4938
15.4,프리미엄,노랑,재고,230.2,4610
12.8,프리미엄,노랑,완판,232.0,5243
12.0,프리미엄,노랑,재고,204.2,5172
11.2,프리미엄,노랑,완판,222.7,5363
14.8,프리미엄,노랑,완판,239.6,5338
12.3,프리미엄,노랑,재고,246.2,5030
10.8,프리미엄,노랑,완판,231.7,4789
14.6,프리미엄,노랑,완판,250.0,5473
17.7,프리미엄,노랑,완판,250.0,5061
14.0,프리미엄,노랑,재고,250.0,5009
15.3,프리미엄,노랑,완판,250.0,4674
14.1,프리미엄,노랑,완판,242.5,4801
13.9,프리미엄,노랑,완판,226.8,5195
15.4,프리미엄,노랑,완판,250.0,4684
13.6,프리미엄,노랑,완판,250.0,4838
14.4,프리미엄,노랑,완판,248.3,5009
14.5,프리미엄,노랑,완판,250.0,5318
13.0,프리미엄,노랑,재고,216.1,4809
15.5,프리미엄,노랑,완판,229.2,5006
13.7,프리미엄,노랑,완판,250.0,4845
12.9,프리미엄,노랑,완판,242.6,4580
14.8,프리미엄,노랑,완판,250.0,4873
12.7,프리미엄,노랑,완판,237.7,4655
14.0,프리미엄,노랑,완판,229.1,5286
14.0,프리미엄,노랑,완판,238.8,5294
15.6,프리미엄,노랑,완판,223.9,4931
14.7,프리미엄,노랑,완판,227.2,4999
14.0,프리미엄,노랑,완판,250.0,5260
15.2,프리미엄,노랑,완판,250.0,4646
16.1,프리미엄,노랑,완판,250.0,4980
14.8,프리미엄,노랑,완판,218.7,4934
14.0,프리미엄,노랑,완판,236.7,5018
12.0,프리미엄,노랑,완판,217.7,5168
12.4,프리미엄,노랑,완판,250.0,5182
13.5,프리미엄,노랑,완판,231.9,4568
13.1,프리미엄,노랑,완판,223.0,5105
13.7,프리미엄,노랑,완판,241.6,5380
14.1,프리미엄,노랑,완판,232.7,5374
14.8,프리미엄,노랑,완판,250.0,5387
13.9,프리미엄,노랑,완판,230.7,4685
14.7,프리미엄,노랑,완판,223.2,5403
14.1,프리미엄,노랑,완판,210.0,5181
11.0,프리미엄,노랑,완판,232.6,4703
12.6,프리미엄,노랑,완판,229.3,5053
13.8,프리미엄,노랑,완판,219.9,4512
12.2,프리미엄,노랑,완판,250.0,5165
14.9,프리미엄,노랑,완판,250.0,4773
16.3,프리미엄,노랑,완판,248.5,4797
15.8,프리미엄,노랑,완판,250.0,4550
13.7,프리미엄,노랑,완판,250.0,4999
16.2,프리미엄,노랑,완판,236.4,4868
14.2,프리미엄,주황,완판,227.1,5223
13.5,프리미엄,주황,재고,250.0,5155
13.1,프리미엄,주황,완판,245.2,4856
13.5,프리미엄,주황,완판,243.2,4502
13.4,프리미엄,주황,완판,227.6,4753
14.3,프리미엄,주황,완판,250.0,4974
14.2,프리미엄,주황,완판,231.4,5346
14.0,프리미엄,주황,재고,240.5,5005
14.7,프리미엄,주황,재고,250.0,4755
15.8,프리미엄,주황,완판,237.4,5109
15.4,프리미엄,주황,완판,222.7,5184
11.8,프리미엄,주황,완판,219.5,4649
10.2,프리미엄,주황,재고,245.4,4987
15.4,프리미엄,주황,완판,250.0,4778
11.9,프리미엄,주황,재고,233.9,4558
13.7,프리미엄,주황,완판,233.4,4945
12.2,프리미엄,주황,완판,244.0,4612
11.3,프리미엄,주황,재고,221.2,5335
14.8,프리미엄,주황,완판,249.0,5254
15.1,프리미엄,주황,완판,234.4,5321
13.1,프리미엄,주황,완판,225.9,5068
10.1,프리미엄,주황,완판,220.8,4988
13.2,프리미엄,주황,완판,233.9,4906
14.6,프리미엄,주황,완판,243.0,4866
11.8,프리미엄,주황,재고,238.9,4559
14.3,프리미엄,주황,완판,187.5,4828
14.0,프리미엄,주황,재고,229.8,5227
14.9,프리미엄,주황,완판,238.7,4968
14.2,프리미엄,주황,완판,250.0,5244
12.5,프리미엄,주황,완판,221.4,5066
15.8,프리미엄,주황,완판,249.8,5384
13.8,프리미엄,주황,완판,250.0,5219
14.0,프리미엄,주황,재고,222.2,4562
12.6,프리미엄,주황,완판,243.7,4683
13.3,프리미엄,주황,완판,228.0,4810
12.7,프리미엄,주황,완판,230.4,5292
13.7,프리미엄,주황,재고,229.2,5037
16.6,프리미엄,주황,재고,238.7,4676
11.9,프리미엄,주황,완판,250.0,5074
11.6,프리미엄,주황,완판,247.4,4928
16.2,프리미엄,주황,완판,250.0,4572
13.7,프리미엄,주황,완판,248.4,5346
13.0,프리미엄,주황,완판,214.9,4666
15.6,프리미엄,주황,완판,250.0,4724
13.1,프리미엄,주황,완판,250.0,5076
16.7,프리미엄,주황,완판,237.4,5080
15.0,프리미엄,주황,완판,250.0,5451
13.3,프리미엄,주황,재고,250.0,4508
17.2,프리미엄,주황,재고,250.0,4735
13.1,프리미엄,주황,완판,233.0,5209
15.1,프리미엄,주황,완판,228.9,5423
14.4,프리미엄,주황,완판,237.9,5184
16.0,프리미엄,주황,완판,250.0,5293
16.3,프리미엄,주황,재고,221.6,4527
14.0,프리미엄,주황,완판,211.1,5307
12.9,프리미엄,주황,재고,240.0,5410
14.7,프리미엄,주황,재고,237.4,5145
13.0,프리미엄,주황,완판,239.1,4526
17.0,프리미엄,주황,완판,250.0,5049
14.2,프리미엄,주황,완판,234.3,4695
13.5,프리미엄,주황,완판,212.3,4702
14.3,프리미엄,주황,완판,250.0,4584
12.0,프리미엄,주황,완판,221.0,5331
12.5,프리미엄,주황,재고,221.7,4529
15.8,프리미엄,주황,완판,250.0,4965
13.0,프리미엄,주황,완판,233.3,4598
12.4,프리미엄,주황,완판,236.3,5398
14.8,프리미엄,주황,완판,250.0,4689
15.8,프리미엄,주황,완판,250.0,4511
15.1,프리미엄,주황,재고,240.2,5102
15.5,프리미엄,주황,완판,250.0,4529
12.9,프리미엄,주황,완판,206.6,5224
11.9,프리미엄,주황,완판,247.0,4537
16.3,프리미엄,주황,완판,236.2,5352
13.5,프리미엄,주황,재고,250.0,5071
13.6,프리미엄,주황,완판,243.0,4793
16.0,프리미엄,주황,재고,237.9,4859
14.8,프리미엄,주황,완판,250.0,5154
14.7,프리미엄,주황,완판,250.0,5413
17.2,프리미엄,주황,완판,250.0,4679
13.0,프리미엄,주황,완판,223.7,5296
15.4,프리미엄,주황,완판,238.9,4611
14.1,프리미엄,주황,재고,242.2,5241
14.4,프리미엄,주황,완판,242.6,4943
16.3,프리미엄,주황,완판,250.0,4520
14.8,프리미엄,주황,완판,214.1,4644
14.8,프리미엄,주황,완판,249.4,4998
15.6,프리미엄,주황,완판,242.5,4645
13.5,프리미엄,주황,완판,227.8,4940
12.7,프리미엄,주황,완판,227.1,5386
12.4,프리미엄,주황,완판,234.1,4920
11.1,프리미엄,주황,완판,179.1,4815
17.1,프리미엄,주황,완판,240.7,4665
12.3,프리미엄,주황,완판,223.9,5151
13.7,프리미엄,주황,완판,249.0,4702
13.6,프리미엄,주황,재고,228.7,4995
14.5,프리미엄,주황,완판,240.2,5255
15.2,프리미엄,주황,완판,250.0,5124
15.3,프리미엄,주황,완판,250.0,4967
13.1,프리미엄,주황,완판,250.0,5212
13.7,프리미엄,주황,재고,233.7,4884
14.4,프리미엄,주황,완판,250.0,4813
13.6,프리미엄,주황,재고,237.4,5270
16.4,프리미엄,주황,재고,246.3,4754
14.7,프리미엄,주황,완판,250.0,5458
15.1,프리미엄,주황,완판,236.4,5416
15.0,프리미엄,주황,완판,250.0,4522
15.8,프리미엄,주황,완판,244.9,5404
14.3,프리미엄,주황,완판,250.0,5257
12.1,프리미엄,주황,완판,250.0,4838
14.6,프리미엄,주황,완판,250.0,4992
13.0,프리미엄,주황,완판,217.9,5322
13.2,프리미엄,주황,완판,246.3,5010
14.9,프리미엄,주황,재고,250.0,4865
15.9,프리미엄,주황,완판,250.0,4871
14.0,프리미엄,주황,재고,225.4,5414
14.5,프리미엄,주황,완판,233.5,5329
16.6,프리미엄,주황,완판,250.0,5098
14.4,프리미엄,주황,완판,231.7,4718
17.9,프리미엄,주황,완판,249.2,4974
14.8,프리미엄,주황,완판,250.0,4922
11.4,프리미엄,주황,완판,233.4,4855
15.1,프리미엄,주황,재고,234.5,4959
14.6,프리미엄,주황,완판,230.6,5002
15.9,프리미엄,주황,완판,250.0,4526
15.0,프리미엄,주황,재고,225.0,5441
13.8,프리미엄,주황,재고,237.7,5301
12.2,프리미엄,주황,완판,241.5,5300
13.7,프리미엄,주황,완판,250.0,5359
12.7,프리미엄,주황,재고,248.2,4722
13.1,프리미엄,주황,완판,228.7,5363
14.9,프리미엄,주황,완판,250.0,5189
16.5,프리미엄,주황,완판,245.0,4647
14.6,프리미엄,주황,재고,225.2,4923
12.2,프리미엄,주황,완판,234.0,5238
14.7,프리미엄,주황,재고,250.0,4850
15.8,프리미엄,주황,완판,249.9,4685
13.1,프리미엄,주황,재고,239.4,4914
13.8,프리미엄,주황,완판,250.0,5305
14.0,프리미엄,주황,완판,220.6,5481
12.8,프리미엄,주황,재고,219.2,4928
15.0,프리미엄,주황,완판,220.7,4540
13.8,프리미엄,주황,완판,247.0,5404
14.6,프리미엄,주황,완판,246.4,4892
12.7,프리미엄,주황,완판,250.0,5202
13.3,프리미엄,주황,완판,243.7,4578
15.1,프리미엄,주황,완판,239.2,5216
13.4,프리미엄,주황,완판,240.3,5395
16.6,프리미엄,주황,완판,250.0,5289
13.4,프리미엄,주황,완판,215.1,5283
14.3,프리미엄,주황,완판,250.0,5043
15.4,프리미엄,주황,재고,250.0,4949
11.9,프리미엄,주황,완판,238.8,4973
11.4,프리미엄,주황,완판,243.3,4641
11.7,프리미엄,주황,재고,245.8,4750
15.9,프리미엄,주황,완판,245.6,4793
13.2,프리미엄,주황,재고,230.0,5109
17.8,프리미엄,주황,재고,250.0,4635
13.2,프리미엄,주황,재고,245.2,4983
14.3,프리미엄,주황,완판,230.7,5288
16.3,프리미엄,주황,재고,250.0,4811
17.0,프리미엄,주황,재고,250.0,5313
17.1,프리미엄,주황,완판,250.0,5054
15.8,프리미엄,주황,완판,250.0,5131
15.5,프리미엄,주황,완판,246.9,5231
14.9,프리미엄,주황,완판,249.4,4545
